requests,timestamp
81635,1551004200000
122637,1551006000000
246747,1551007800000
175876,1551009600000
191519,1551011400000
168630,1551013200000
281916,1551015000000
405608,1551016800000
618266,1551018600000
876842,1551020400000
1271900,1551022200000
1797586,1551024000000
2436708,1551025800000
2430416,1551027600000
2426205,1551029400000
2639674,1551031200000
2570634,1551033000000
2693008,1551034800000
2649122,1551036600000
2697891,1551038400000
3205065,1551040200000
3007874,1551042000000
3305025,1551043800000
3431698,1551045600000
3329216,1551047400000
2733309,1551049200000
1618780,1551051000000
2134635,1551052800000
1817526,1551054600000
1340666,1551056400000
1067496,1551058200000
788337,1551060000000
1128886,1551061800000
1150170,1551063600000
1041015,1551065400000
922363,1551067200000
750548,1551069000000
646542,1551070800000
563524,1551072600000
348367,1551074400000
243407,1551076200000
146099,1551078000000
132062,1551079800000
109360,1551081600000
126605,1551083400000
128450,1551085200000
173332,1551087000000
96249,1551088800000
177008,1551090600000
